time,angle,error,ppo_action,adjustment
1748785295.9986913,0.0,-0.27,[[-1.]],-0.5
1748785296.0905406,0.2,0.0,[[-0.21665598]],-0.21665598452091217
1748785296.1984756,0.22,0.0,[[-0.21665598]],-0.21665598452091217
1748785296.3052158,0.25,0.0,[[-0.21665598]],-0.21665598452091217
1748785296.4146895,0.23,0.0,[[-0.21665598]],-0.21665598452091217
1748785296.5191114,0.21,0.0,[[-0.21665598]],-0.21665598452091217
1748785296.6304228,0.21,0.0,[[-0.21665598]],-0.21665598452091217
1748785296.7329216,0.23,0.0,[[-0.21665598]],-0.21665598452091217
1748785296.8361084,0.22,0.0,[[-0.21665598]],-0.21665598452091217
1748785296.9434383,0.21,0.0,[[-0.21665598]],-0.21665598452091217
1748785297.0501876,0.21,0.0,[[-0.21665598]],-0.21665598452091217
1748785297.1567345,0.21,0.0,[[-0.21665598]],-0.21665598452091217
1748785297.2633104,0.22,0.0,[[-0.21665598]],-0.21665598452091217
1748785297.369912,0.21,0.0,[[-0.21665598]],-0.21665598452091217
1748785297.4766574,0.21,0.0,[[-0.21665598]],-0.21665598452091217
1748785297.5831046,0.21,0.0,[[-0.21665598]],-0.21665598452091217
1748785297.6897256,0.2,0.0,[[-0.21665598]],-0.21665598452091217
1748785297.7951567,0.2,0.0,[[-0.21665598]],-0.21665598452091217
1748785297.9017518,0.2,0.0,[[-0.21665598]],-0.21665598452091217
1748785298.0090127,0.2,0.0,[[-0.21665598]],-0.21665598452091217
1748785298.1150124,0.21,0.0,[[-0.21665598]],-0.21665598452091217
1748785298.221605,0.2,0.0,[[-0.21665598]],-0.21665598452091217
1748785298.3282743,0.2,0.0,[[-0.21665598]],-0.21665598452091217
1748785298.4335437,0.2,0.0,[[-0.21665598]],-0.21665598452091217
1748785298.5415058,0.2,0.0,[[-0.21665598]],-0.21665598452091217
1748785298.6469119,0.2,0.0,[[-0.21665598]],-0.21665598452091217
1748785298.7535253,0.2,0.0,[[-0.21665598]],-0.21665598452091217
1748785298.8601346,0.2,0.0,[[-0.21665598]],-0.21665598452091217
1748785298.9667149,0.19,0.0,[[-0.21665598]],-0.21665598452091217
1748785299.073365,0.2,0.0,[[-0.21665598]],-0.21665598452091217
1748785299.180133,0.19,0.0,[[-0.21665598]],-0.21665598452091217
1748785299.286664,0.19,0.0,[[-0.21665598]],-0.21665598452091217
1748785299.3937254,0.18,0.0,[[-0.21665598]],-0.21665598452091217
1748785299.4993112,0.2,0.0,[[-0.21665598]],-0.21665598452091217
1748785299.606882,0.2,0.0,[[-0.21665598]],-0.21665598452091217
1748785299.7112734,0.2,0.0,[[-0.21665598]],-0.21665598452091217
1748785299.82005,0.19,0.0,[[-0.21665598]],-0.21665598452091217
1748785299.927983,0.19,0.0,[[-0.21665598]],-0.21665598452091217
1748785300.0312388,0.19,0.0,[[-0.21665598]],-0.21665598452091217
1748785300.1392903,0.19,0.0,[[-0.21665598]],-0.21665598452091217
1748785300.2443638,0.19,0.0,[[-0.21665598]],-0.21665598452091217
1748785300.3483932,0.19,0.0,[[-0.21665598]],-0.21665598452091217
1748785300.4585972,0.18,0.0,[[-0.21665598]],-0.21665598452091217
1748785300.5658765,0.18,-0.09,[[-0.67914796]],-0.5
1748785300.6695,0.18,0.0,[[-0.21665598]],-0.21665598452091217
1748785300.7761257,0.18,0.0,[[-0.21665598]],-0.21665598452091217
1748785300.8814175,0.18,0.0,[[-0.21665598]],-0.21665598452091217
1748785300.9881322,0.19,0.0,[[-0.21665598]],-0.21665598452091217
1748785301.0947385,0.19,0.0,[[-0.21665598]],-0.21665598452091217
1748785301.201362,0.19,0.0,[[-0.21665598]],-0.21665598452091217
1748785301.3079581,0.19,0.0,[[-0.21665598]],-0.21665598452091217
1748785301.4145982,0.2,0.0,[[-0.21665598]],-0.21665598452091217
1748785301.5211692,0.2,0.0,[[-0.21665598]],-0.21665598452091217
1748785301.6265848,0.2,0.0,[[-0.21665598]],-0.21665598452091217
1748785301.7331367,0.2,0.0,[[-0.21665598]],-0.21665598452091217
1748785301.8398263,0.2,0.0,[[-0.21665598]],-0.21665598452091217
1748785301.946419,0.2,0.0,[[-0.21665598]],-0.21665598452091217
1748785302.053025,0.2,0.0,[[-0.21665598]],-0.21665598452091217
1748785302.159651,0.2,0.0,[[-0.21665598]],-0.21665598452091217
1748785302.2663693,0.2,0.0,[[-0.21665598]],-0.21665598452091217
1748785302.3716378,0.21,0.0,[[-0.21665598]],-0.21665598452091217
1748785302.4783473,0.21,0.0,[[-0.21665598]],-0.21665598452091217
1748785302.5854087,0.2,0.0,[[-0.21665598]],-0.21665598452091217
1748785302.6915548,0.21,0.0,[[-0.21665598]],-0.21665598452091217
1748785302.7982047,0.2,0.0,[[-0.21665598]],-0.21665598452091217
1748785302.904803,0.2,0.0,[[-0.21665598]],-0.21665598452091217
1748785303.01139,0.2,0.0,[[-0.21665598]],-0.21665598452091217
1748785303.1180499,0.2,0.0,[[-0.21665598]],-0.21665598452091217
1748785303.2248166,0.2,0.0,[[-0.21665598]],-0.21665598452091217
1748785303.3312285,0.2,0.0,[[-0.21665598]],-0.21665598452091217
1748785303.4366188,0.19,0.0,[[-0.21665598]],-0.21665598452091217
1748785303.5433261,0.19,0.0,[[-0.21665598]],-0.21665598452091217
1748785303.6499844,0.18,0.0,[[-0.21665598]],-0.21665598452091217
1748785303.7565448,0.19,0.0,[[-0.21665598]],-0.21665598452091217
1748785303.8631253,0.19,0.0,[[-0.21665598]],-0.21665598452091217
1748785303.9732902,0.18,-0.09,[[-0.67914796]],-0.5
1748785304.0791392,0.18,0.0,[[-0.21665598]],-0.21665598452091217
1748785304.1879566,0.18,-0.09,[[-0.67914796]],-0.5
1748785304.2945852,0.18,-0.09,[[-0.67914796]],-0.5
1748785304.4060197,0.18,-0.09,[[-0.67914796]],-0.5
1748785304.5144765,0.17,-0.1,[[-0.7293835]],-0.5
1748785304.6159134,0.17,-0.1,[[-0.7293835]],-0.5
1748785304.724545,0.18,-0.1,[[-0.7293835]],-0.5
1748785304.832395,0.18,-0.09,[[-0.67914796]],-0.5
1748785304.9388828,0.18,-0.1,[[-0.7293835]],-0.5
1748785305.04691,0.18,-0.09,[[-0.67914796]],-0.5
1748785305.15473,0.18,-0.09,[[-0.67914796]],-0.5
1748785305.2613015,0.18,-0.1,[[-0.7293835]],-0.5
1748785305.3692749,0.18,-0.09,[[-0.67914796]],-0.5
1748785305.4759972,0.18,-0.09,[[-0.67914796]],-0.5
1748785305.583645,0.17,-0.1,[[-0.7293835]],-0.5
1748785305.6916282,0.17,-0.1,[[-0.7293835]],-0.5
1748785305.7982779,0.17,-0.1,[[-0.7293835]],-0.5
1748785305.9060686,0.17,-0.1,[[-0.7293835]],-0.5
1748785306.0140295,0.18,-0.1,[[-0.7293835]],-0.5
1748785306.1206064,0.17,-0.1,[[-0.7293835]],-0.5
1748785306.234182,0.18,-0.09,[[-0.67914796]],-0.5
1748785306.3417125,0.18,-0.09,[[-0.67914796]],-0.5
1748785306.4421842,0.18,-0.09,[[-0.67914796]],-0.5
1748785306.5494337,0.18,0.0,[[-0.21665598]],-0.21665598452091217
1748785306.657392,0.18,-0.09,[[-0.67914796]],-0.5
1748785306.764029,0.18,-0.09,[[-0.67914796]],-0.5
1748785306.8719926,0.18,-0.09,[[-0.67914796]],-0.5
1748785306.9799669,0.18,-0.09,[[-0.67914796]],-0.5
1748785307.085019,0.19,0.0,[[-0.21665598]],-0.21665598452091217
1748785307.1917708,0.18,0.0,[[-0.21665598]],-0.21665598452091217
1748785307.2983203,0.18,0.0,[[-0.21665598]],-0.21665598452091217
1748785307.4049225,0.18,0.0,[[-0.21665598]],-0.21665598452091217
1748785307.511633,0.18,0.0,[[-0.21665598]],-0.21665598452091217
1748785307.618083,0.19,0.0,[[-0.21665598]],-0.21665598452091217
1748785307.7301412,0.19,0.0,[[-0.21665598]],-0.21665598452091217
1748785307.8353071,0.18,0.0,[[-0.21665598]],-0.21665598452091217
1748785307.9384944,0.19,0.0,[[-0.21665598]],-0.21665598452091217
1748785308.0464647,0.19,0.0,[[-0.21665598]],-0.21665598452091217
1748785308.1505544,0.19,0.0,[[-0.21665598]],-0.21665598452091217
1748785308.2568069,0.19,0.0,[[-0.21665598]],-0.21665598452091217
1748785308.363251,0.19,0.0,[[-0.21665598]],-0.21665598452091217
1748785308.4699216,0.19,0.0,[[-0.21665598]],-0.21665598452091217
1748785308.576588,0.19,0.0,[[-0.21665598]],-0.21665598452091217
1748785308.6831558,0.19,0.0,[[-0.21665598]],-0.21665598452091217
1748785308.7896807,0.19,0.0,[[-0.21665598]],-0.21665598452091217
1748785308.895098,0.19,0.0,[[-0.21665598]],-0.21665598452091217
1748785309.0016356,0.19,0.0,[[-0.21665598]],-0.21665598452091217
1748785309.1084213,0.19,0.0,[[-0.21665598]],-0.21665598452091217
1748785309.2149713,0.19,0.0,[[-0.21665598]],-0.21665598452091217
1748785309.3215556,0.19,0.0,[[-0.21665598]],-0.21665598452091217
1748785309.4281857,0.18,0.0,[[-0.21665598]],-0.21665598452091217
1748785309.5348485,0.18,0.0,[[-0.21665598]],-0.21665598452091217
1748785309.6414216,0.18,0.0,[[-0.21665598]],-0.21665598452091217
1748785309.7481756,0.19,0.0,[[-0.21665598]],-0.21665598452091217
1748785309.8533776,0.19,0.0,[[-0.21665598]],-0.21665598452091217
1748785309.9599826,0.19,0.0,[[-0.21665598]],-0.21665598452091217
1748785310.0667098,0.2,0.0,[[-0.21665598]],-0.21665598452091217
1748785310.1733239,0.19,0.0,[[-0.21665598]],-0.21665598452091217
1748785310.2799253,0.2,0.0,[[-0.21665598]],-0.21665598452091217
1748785310.3864076,0.2,0.0,[[-0.21665598]],-0.21665598452091217
1748785310.4931784,0.2,0.0,[[-0.21665598]],-0.21665598452091217
1748785310.5998943,0.19,0.0,[[-0.21665598]],-0.21665598452091217
1748785310.7051125,0.19,0.0,[[-0.21665598]],-0.21665598452091217
1748785310.8182342,0.19,0.0,[[-0.21665598]],-0.21665598452091217
1748785310.9179904,0.18,0.0,[[-0.21665598]],-0.21665598452091217
1748785311.0268695,0.18,-0.09,[[-0.67914796]],-0.5
1748785311.1311727,0.19,0.0,[[-0.21665598]],-0.21665598452091217
1748785311.2386734,0.19,0.0,[[-0.21665598]],-0.21665598452091217
1748785311.3445053,0.19,0.0,[[-0.21665598]],-0.21665598452091217
1748785311.4483986,0.19,0.0,[[-0.21665598]],-0.21665598452091217
1748785311.5585952,0.19,0.0,[[-0.21665598]],-0.21665598452091217
1748785311.6630151,0.2,0.0,[[-0.21665598]],-0.21665598452091217
1748785311.7693486,0.2,0.0,[[-0.21665598]],-0.21665598452091217
1748785311.876207,0.2,0.0,[[-0.21665598]],-0.21665598452091217
1748785311.9839506,0.2,0.0,[[-0.21665598]],-0.21665598452091217
1748785312.0885386,0.2,0.0,[[-0.21665598]],-0.21665598452091217
1748785312.1935594,0.2,0.0,[[-0.21665598]],-0.21665598452091217
1748785312.300032,0.21,0.0,[[-0.21665598]],-0.21665598452091217
1748785312.405452,0.2,0.0,[[-0.21665598]],-0.21665598452091217
1748785312.5120192,0.2,0.0,[[-0.21665598]],-0.21665598452091217
1748785312.6186657,0.19,0.0,[[-0.21665598]],-0.21665598452091217
1748785312.725277,0.2,0.0,[[-0.21665598]],-0.21665598452091217
1748785312.8318505,0.2,0.0,[[-0.21665598]],-0.21665598452091217
1748785312.9385166,0.2,0.0,[[-0.21665598]],-0.21665598452091217
1748785313.0451193,0.19,0.0,[[-0.21665598]],-0.21665598452091217
1748785313.1517985,0.19,0.0,[[-0.21665598]],-0.21665598452091217
1748785313.257066,0.19,0.0,[[-0.21665598]],-0.21665598452091217
1748785313.3639011,0.19,0.0,[[-0.21665598]],-0.21665598452091217
1748785313.470421,0.19,0.0,[[-0.21665598]],-0.21665598452091217
1748785313.5769858,0.2,0.0,[[-0.21665598]],-0.21665598452091217
1748785313.683577,0.2,0.0,[[-0.21665598]],-0.21665598452091217
1748785313.7902815,0.19,0.0,[[-0.21665598]],-0.21665598452091217
1748785313.8968203,0.19,0.0,[[-0.21665598]],-0.21665598452091217
1748785314.0034232,0.19,0.0,[[-0.21665598]],-0.21665598452091217
1748785314.1100743,0.2,0.0,[[-0.21665598]],-0.21665598452091217
1748785314.2154384,0.2,0.0,[[-0.21665598]],-0.21665598452091217
1748785314.322184,0.19,0.0,[[-0.21665598]],-0.21665598452091217
1748785314.4287052,0.19,0.0,[[-0.21665598]],-0.21665598452091217
1748785314.5352664,0.19,0.0,[[-0.21665598]],-0.21665598452091217
1748785314.6420176,0.2,0.0,[[-0.21665598]],-0.21665598452091217
1748785314.7486389,0.2,0.0,[[-0.21665598]],-0.21665598452091217
1748785314.855202,0.19,0.0,[[-0.21665598]],-0.21665598452091217
1748785314.9606295,0.19,0.0,[[-0.21665598]],-0.21665598452091217
1748785315.0671756,0.19,0.0,[[-0.21665598]],-0.21665598452091217
1748785315.1738367,0.19,0.0,[[-0.21665598]],-0.21665598452091217
1748785315.2804854,0.19,0.0,[[-0.21665598]],-0.21665598452091217
1748785315.3870187,0.19,0.0,[[-0.21665598]],-0.21665598452091217
1748785315.493657,0.18,0.0,[[-0.21665598]],-0.21665598452091217
1748785315.6016824,0.18,-0.1,[[-0.7293835]],-0.5
1748785315.7082956,0.17,-0.1,[[-0.7293835]],-0.5
1748785315.8160937,0.16,-0.11,[[-0.7792996]],-0.5
1748785315.926541,0.15,-0.12,[[-0.82887375]],-0.5
1748785316.0339565,0.15,-0.12,[[-0.82887375]],-0.5
1748785316.1417348,0.16,-0.12,[[-0.82887375]],-0.5
1748785316.2484016,0.16,-0.11,[[-0.7792996]],-0.5
1748785316.3562632,0.16,-0.11,[[-0.7792996]],-0.5
1748785316.464394,0.16,-0.11,[[-0.7792996]],-0.5
1748785316.5709271,0.15,-0.12,[[-0.82887375]],-0.5
1748785316.6788428,0.14,-0.13,[[-0.87808454]],-0.5
1748785316.78662,0.13,-0.14,[[-0.92691123]],-0.5
1748785316.893207,0.13,-0.15,[[-0.9753338]],-0.5
1748785317.001103,0.12,-0.15,[[-0.9753338]],-0.5
1748785317.108972,0.12,-0.15,[[-0.9753338]],-0.5
1748785317.215561,0.13,-0.14,[[-0.92691123]],-0.5
1748785317.3236213,0.14,-0.13,[[-0.87808454]],-0.5
1748785317.4313443,0.17,-0.1,[[-0.7293835]],-0.5
1748785317.5366886,0.19,0.0,[[-0.21665598]],-0.21665598452091217
1748785317.6432483,0.22,0.0,[[-0.21665598]],-0.21665598452091217
1748785317.7499228,0.25,0.0,[[-0.21665598]],-0.21665598452091217
1748785317.8566642,0.29,0.0,[[-0.21665598]],-0.21665598452091217
1748785317.9645383,0.52,0.25,[[1.]],0.5
1748785318.0710912,0.83,0.56,[[1.]],0.5
1748785318.1776838,1.29,1.02,[[1.]],0.5
1748785318.285755,1.76,1.49,[[1.]],0.5
1748785318.3923647,2.04,1.76,[[1.]],0.5
1748785318.4997876,2.04,1.77,[[1.]],0.5
1748785318.6066616,1.89,1.62,[[1.]],0.5
1748785318.713375,1.54,1.27,[[1.]],0.5
1748785318.8210995,1.24,0.96,[[1.]],0.5
1748785318.9279242,1.05,0.78,[[1.]],0.5
1748785319.034563,0.89,0.62,[[1.]],0.5
1748785319.1422107,0.66,0.39,[[1.]],0.5
1748785319.2502077,0.37,0.1,[[0.3024264]],0.30242639780044556
1748785319.3567677,0.0,-0.27,[[-1.]],-0.5
1748785319.4648898,-0.34,-0.61,[[-1.]],-0.5
1748785319.5714462,-0.83,-1.11,[[-1.]],-0.5
1748785319.6780832,-1.18,-1.45,[[-1.]],-0.5
1748785319.7859805,-1.77,-2.04,[[-1.]],-0.5
1748785319.8926752,-2.56,-2.83,[[-1.]],-0.5
1748785319.999112,-3.32,-3.59,[[-1.]],-0.5
1748785320.1069798,-4.17,-4.44,[[-1.]],-0.5
1748785320.213674,-4.48,-4.75,[[-1.]],-0.5
1748785320.3215365,-4.42,-4.69,[[-1.]],-0.5
1748785320.4283402,-4.06,-4.33,[[-1.]],-0.5
1748785320.5361464,-3.66,-3.93,[[-1.]],-0.5
1748785320.642723,-2.98,-3.25,[[-1.]],-0.5
1748785320.750637,-2.23,-2.5,[[-1.]],-0.5
1748785320.857109,-1.41,-1.69,[[-1.]],-0.5
1748785320.9638755,-0.41,-0.68,[[-1.]],-0.5
1748785321.0715418,0.74,0.47,[[1.]],0.5
1748785321.1784153,2.18,1.91,[[1.]],0.5
1748785321.284912,3.4,3.13,[[1.]],0.5
1748785321.3929474,3.87,3.6,[[1.]],0.5
1748785321.4993994,4.27,4.0,[[1.]],0.5
1748785321.6072166,4.35,4.08,[[1.]],0.5
1748785321.7139068,3.9,3.62,[[1.]],0.5
1748785321.8205004,3.26,2.99,[[1.]],0.5
1748785321.9284704,2.11,1.84,[[1.]],0.5
1748785322.034915,0.96,0.69,[[1.]],0.5
1748785322.1413949,0.3,0.0,[[-0.21665598]],-0.21665598452091217
1748785322.2484388,0.11,-0.16,[[-1.]],-0.5
1748785322.361987,-0.01,-0.28,[[-1.]],-0.5
1748785322.4632318,0.0,-0.27,[[-1.]],-0.5
1748785322.5698054,0.22,0.0,[[-0.21665598]],-0.21665598452091217
1748785322.6778297,0.08,-0.19,[[-1.]],-0.5
1748785322.78825,-0.43,-0.71,[[-1.]],-0.5
1748785322.8913078,-0.98,-1.25,[[-1.]],-0.5
1748785322.9979784,-1.26,-1.53,[[-1.]],-0.5
1748785323.1058788,-1.21,-1.48,[[-1.]],-0.5
1748785323.2124982,-1.16,-1.43,[[-1.]],-0.5
1748785323.3189604,-1.08,-1.35,[[-1.]],-0.5
1748785323.4280198,-1.25,-1.53,[[-1.]],-0.5
1748785323.533587,-1.46,-1.74,[[-1.]],-0.5
1748785323.6413648,-1.76,-2.03,[[-1.]],-0.5
1748785323.7453768,-2.25,-2.52,[[-1.]],-0.5
1748785323.8519597,-3.05,-3.33,[[-1.]],-0.5
1748785323.959851,-4.28,-4.55,[[-1.]],-0.5
1748785324.066454,-5.91,-6.19,[[-1.]],-0.5
1748785324.1744688,-7.07,-7.35,[[-1.]],-0.5
1748785324.2809737,-7.48,-7.75,[[-1.]],-0.5
1748785324.3888614,-6.63,-6.9,[[-1.]],-0.5
1748785324.4954064,-5.6,-5.87,[[-1.]],-0.5
1748785324.6033125,-4.66,-4.93,[[-1.]],-0.5
1748785324.7099924,-4.35,-4.63,[[-1.]],-0.5
1748785324.8178775,-4.93,-5.2,[[-1.]],-0.5
1748785324.9244766,-4.56,-4.84,[[-1.]],-0.5
1748785325.0322938,-3.36,-3.63,[[-1.]],-0.5
1748785325.1388707,-2.11,-2.38,[[-1.]],-0.5
1748785325.2456205,-1.18,-1.46,[[-1.]],-0.5
1748785325.3534398,-0.75,-1.03,[[-1.]],-0.5
1748785325.4600887,-0.73,-1.01,[[-1.]],-0.5
1748785325.5678856,-0.89,-1.16,[[-1.]],-0.5
1748785325.674579,-0.75,-1.02,[[-1.]],-0.5
1748785325.782417,-0.16,-0.44,[[-1.]],-0.5
1748785325.8890646,-0.01,-0.28,[[-1.]],-0.5
1748785325.9968197,1.0,0.73,[[1.]],0.5
1748785326.103402,2.89,2.62,[[1.]],0.5
1748785326.2102027,4.33,4.06,[[1.]],0.5
1748785326.3166916,5.46,5.19,[[1.]],0.5
1748785326.423603,5.94,5.66,[[1.]],0.5
1748785326.5311947,5.81,5.54,[[1.]],0.5
1748785326.6378586,5.12,4.85,[[1.]],0.5
1748785326.7457485,4.59,4.31,[[1.]],0.5
1748785326.852329,3.94,3.67,[[1.]],0.5
1748785326.960141,2.87,2.59,[[1.]],0.5
1748785327.066858,1.95,1.68,[[1.]],0.5
1748785327.1735475,1.4,1.13,[[1.]],0.5
1748785327.281226,1.02,0.75,[[1.]],0.5
1748785327.3879297,0.68,0.41,[[1.]],0.5
1748785327.4981344,0.46,0.19,[[0.7532319]],0.5
1748785327.6054344,0.28,0.0,[[-0.21665598]],-0.21665598452091217
1748785327.712584,0.12,-0.15,[[-0.9753338]],-0.5
1748785327.8203967,-0.04,-0.31,[[-1.]],-0.5
1748785327.9269106,-0.2,-0.47,[[-1.]],-0.5
1748785328.0348275,-0.35,-0.62,[[-1.]],-0.5
1748785328.141424,-0.58,-0.85,[[-1.]],-0.5
1748785328.2481418,-0.69,-0.96,[[-1.]],-0.5
1748785328.355988,-0.86,-1.13,[[-1.]],-0.5
1748785328.4627705,-1.03,-1.31,[[-1.]],-0.5
1748785328.5704646,-1.22,-1.5,[[-1.]],-0.5
1748785328.6771228,-1.42,-1.69,[[-1.]],-0.5
1748785328.7849429,-1.63,-1.9,[[-1.]],-0.5
1748785328.8915548,-1.85,-2.13,[[-1.]],-0.5
1748785328.9982543,-2.21,-2.49,[[-1.]],-0.5
1748785329.1061525,-2.54,-2.81,[[-1.]],-0.5
1748785329.2127526,-3.18,-3.45,[[-1.]],-0.5
1748785329.3206213,-4.23,-4.5,[[-1.]],-0.5
1748785329.427399,-5.17,-5.44,[[-1.]],-0.5
1748785329.5339763,-5.44,-5.72,[[-1.]],-0.5
1748785329.641733,-5.08,-5.35,[[-1.]],-0.5
1748785329.7486799,-4.2,-4.47,[[-1.]],-0.5
1748785329.8563988,-3.0,-3.27,[[-1.]],-0.5
1748785329.9628093,-1.65,-1.92,[[-1.]],-0.5
1748785330.0707376,-0.25,-0.53,[[-1.]],-0.5
1748785330.1773343,1.08,0.81,[[1.]],0.5
1748785330.284,1.68,1.41,[[1.]],0.5
1748785330.3904414,1.26,0.99,[[1.]],0.5
1748785330.4983788,0.42,0.15,[[0.5560105]],0.5
1748785330.6063259,-0.58,-0.85,[[-1.]],-0.5
1748785330.7130086,-1.58,-1.85,[[-1.]],-0.5
1748785330.8197205,-2.37,-2.64,[[-1.]],-0.5
1748785330.927495,-3.16,-3.44,[[-1.]],-0.5
1748785331.034052,-4.06,-4.34,[[-1.]],-0.5
1748785331.1420717,-5.03,-5.3,[[-1.]],-0.5
1748785331.248608,-5.57,-5.84,[[-1.]],-0.5
1748785331.3566115,-5.18,-5.45,[[-1.]],-0.5
1748785331.4631186,-4.42,-4.69,[[-1.]],-0.5
1748785331.571109,-3.86,-4.13,[[-1.]],-0.5
1748785331.6776602,-2.84,-3.11,[[-1.]],-0.5
1748785331.7854662,-1.83,-2.1,[[-1.]],-0.5
1748785331.8921373,-0.65,-0.93,[[-1.]],-0.5
1748785331.9985976,0.53,0.25,[[1.]],0.5
1748785332.1053092,1.7,1.43,[[1.]],0.5
1748785332.2131045,2.39,2.11,[[1.]],0.5
1748785332.3196511,2.26,1.99,[[1.]],0.5
1748785332.4276001,1.73,1.46,[[1.]],0.5
1748785332.5343173,1.01,0.74,[[1.]],0.5
1748785332.6419942,0.47,0.19,[[0.7532319]],0.5
1748785332.7488556,-0.12,-0.39,[[-1.]],-0.5
1748785332.8566966,-0.67,-0.94,[[-1.]],-0.5
1748785332.9633152,-0.56,-0.83,[[-1.]],-0.5
1748785333.0712821,-0.51,-0.78,[[-1.]],-0.5
1748785333.1780121,-0.42,-0.69,[[-1.]],-0.5
1748785333.2846613,-0.27,-0.54,[[-1.]],-0.5
1748785333.3924859,-0.06,-0.34,[[-1.]],-0.5
1748785333.498678,0.26,0.0,[[-0.21665598]],-0.21665598452091217
1748785333.605425,0.71,0.44,[[1.]],0.5
1748785333.713403,1.5,1.23,[[1.]],0.5
1748785333.820086,2.21,1.94,[[1.]],0.5
1748785333.926954,2.96,2.69,[[1.]],0.5
1748785334.033968,3.66,3.39,[[1.]],0.5
1748785334.1406515,4.23,3.96,[[1.]],0.5
1748785334.2455206,4.67,4.4,[[1.]],0.5
1748785334.3560066,5.27,5.0,[[1.]],0.5
1748785334.4618702,4.75,4.48,[[1.]],0.5
1748785334.5696096,4.6,4.33,[[1.]],0.5
1748785334.6780844,4.54,4.27,[[1.]],0.5
1748785334.7849543,3.97,3.69,[[1.]],0.5
1748785334.890709,3.94,3.67,[[1.]],0.5
1748785334.9964387,3.67,3.4,[[1.]],0.5
1748785335.10534,3.12,2.85,[[1.]],0.5
1748785335.2094958,2.04,1.76,[[1.]],0.5
1748785335.3157582,0.94,0.67,[[1.]],0.5
1748785335.4238205,-0.14,-0.41,[[-1.]],-0.5
1748785335.530511,-1.14,-1.41,[[-1.]],-0.5
1748785335.6382055,-2.14,-2.41,[[-1.]],-0.5
1748785335.744812,-3.32,-3.59,[[-1.]],-0.5
1748785335.8527024,-4.54,-4.81,[[-1.]],-0.5
1748785335.9592245,-5.48,-5.75,[[-1.]],-0.5
1748785336.0659397,-6.29,-6.56,[[-1.]],-0.5
1748785336.173862,-6.57,-6.85,[[-1.]],-0.5
1748785336.2804043,-6.66,-6.94,[[-1.]],-0.5
1748785336.3883162,-6.47,-6.74,[[-1.]],-0.5
1748785336.4948907,-5.84,-6.11,[[-1.]],-0.5
1748785336.6027863,-4.94,-5.22,[[-1.]],-0.5
1748785336.7106767,-4.24,-4.51,[[-1.]],-0.5
1748785336.817323,-3.42,-3.7,[[-1.]],-0.5
1748785336.9239414,-2.6,-2.87,[[-1.]],-0.5
1748785337.0315852,-2.04,-2.31,[[-1.]],-0.5
1748785337.138431,-1.06,-1.33,[[-1.]],-0.5
1748785337.2463136,-0.56,-0.84,[[-1.]],-0.5
1748785337.3528316,-0.17,-0.44,[[-1.]],-0.5
1748785337.4594631,0.12,-0.15,[[-0.9753338]],-0.5
1748785337.5663033,0.37,0.1,[[0.3024264]],0.30242639780044556
1748785337.6740072,0.67,0.4,[[1.]],0.5
1748785337.7805974,1.2,0.93,[[1.]],0.5
1748785337.8871994,1.54,1.27,[[1.]],0.5
1748785337.9939654,1.71,1.44,[[1.]],0.5
1748785338.1017408,1.73,1.46,[[1.]],0.5
1748785338.208469,1.75,1.48,[[1.]],0.5
1748785338.3163037,1.91,1.64,[[1.]],0.5
1748785338.423021,2.22,1.95,[[1.]],0.5
1748785338.5295231,2.55,2.28,[[1.]],0.5
1748785338.6374247,2.99,2.72,[[1.]],0.5
1748785338.7440755,3.59,3.32,[[1.]],0.5
1748785338.85067,4.22,3.95,[[1.]],0.5
1748785338.961092,4.99,4.72,[[1.]],0.5
1748785339.0685806,5.32,5.05,[[1.]],0.5
1748785339.1751838,5.68,5.41,[[1.]],0.5
1748785339.2829666,5.33,5.06,[[1.]],0.5
1748785339.3896353,4.69,4.42,[[1.]],0.5
1748785339.4962225,3.68,3.41,[[1.]],0.5
1748785339.6042192,2.34,2.06,[[1.]],0.5
1748785339.7107806,1.05,0.78,[[1.]],0.5
1748785339.8187108,0.13,-0.14,[[-0.92691123]],-0.5
1748785339.9253979,-0.61,-0.88,[[-1.]],-0.5
1748785340.0333552,-1.2,-1.47,[[-1.]],-0.5
1748785340.139964,-1.64,-1.92,[[-1.]],-0.5
1748785340.2478933,-1.98,-2.25,[[-1.]],-0.5
1748785340.3544974,-2.26,-2.54,[[-1.]],-0.5
1748785340.4611845,-2.59,-2.86,[[-1.]],-0.5
1748785340.5690105,-3.0,-3.27,[[-1.]],-0.5
1748785340.6755471,-3.46,-3.74,[[-1.]],-0.5
1748785340.7836044,-4.23,-4.5,[[-1.]],-0.5
1748785340.890038,-5.15,-5.43,[[-1.]],-0.5
1748785340.9979665,-6.09,-6.36,[[-1.]],-0.5
1748785341.1046686,-6.85,-7.12,[[-1.]],-0.5
1748785341.2125132,-7.06,-7.33,[[-1.]],-0.5
1748785341.3190727,-7.0,-7.27,[[-1.]],-0.5
1748785341.4271743,-6.9,-7.17,[[-1.]],-0.5
1748785341.5336971,-6.79,-7.06,[[-1.]],-0.5
1748785341.6415732,-6.69,-6.96,[[-1.]],-0.5
1748785341.7482517,-6.75,-7.02,[[-1.]],-0.5
1748785341.8562472,-6.4,-6.67,[[-1.]],-0.5
1748785341.9636273,-6.36,-6.63,[[-1.]],-0.5
1748785342.0707214,-5.99,-6.26,[[-1.]],-0.5
1748785342.1773598,-5.9,-6.17,[[-1.]],-0.5
1748785342.2853894,-6.04,-6.31,[[-1.]],-0.5
1748785342.3919265,-5.59,-5.86,[[-1.]],-0.5
1748785342.4997473,-4.57,-4.84,[[-1.]],-0.5
1748785342.606433,-3.42,-3.7,[[-1.]],-0.5
1748785342.7142248,-2.43,-2.7,[[-1.]],-0.5
1748785342.8208623,-1.85,-2.12,[[-1.]],-0.5
1748785342.92752,-1.59,-1.86,[[-1.]],-0.5
1748785343.0353823,-1.36,-1.64,[[-1.]],-0.5
1748785343.1418924,-1.44,-1.72,[[-1.]],-0.5
1748785343.2497582,-0.99,-1.26,[[-1.]],-0.5
1748785343.356517,-0.46,-0.73,[[-1.]],-0.5
1748785343.4627113,0.33,0.0,[[-0.21665598]],-0.21665598452091217
1748785343.5706124,1.31,1.04,[[1.]],0.5
1748785343.677438,2.47,2.2,[[1.]],0.5
1748785343.7841153,3.78,3.51,[[1.]],0.5
1748785343.8906064,4.67,4.4,[[1.]],0.5
1748785343.9987032,5.33,5.06,[[1.]],0.5
1748785344.1050715,5.29,5.02,[[1.]],0.5
1748785344.2130933,5.18,4.91,[[1.]],0.5
1748785344.3196428,4.27,4.0,[[1.]],0.5
1748785344.426279,2.83,2.56,[[1.]],0.5
1748785344.532968,1.06,0.79,[[1.]],0.5
1748785344.641095,-0.15,-0.42,[[-1.]],-0.5
1748785344.748896,-1.34,-1.61,[[-1.]],-0.5
1748785344.8555017,-2.11,-2.38,[[-1.]],-0.5
1748785344.9621818,-2.49,-2.76,[[-1.]],-0.5
1748785345.0699806,-2.28,-2.55,[[-1.]],-0.5
1748785345.1767015,-1.5,-1.77,[[-1.]],-0.5
1748785345.2845445,-0.59,-0.86,[[-1.]],-0.5
1748785345.3964446,0.35,0.0,[[-0.21665598]],-0.21665598452091217
1748785345.4980085,0.71,0.44,[[1.]],0.5
1748785345.6060348,-0.01,-0.28,[[-1.]],-0.5
1748785345.7115896,-1.71,-1.99,[[-1.]],-0.5
1748785345.819414,-3.48,-3.75,[[-1.]],-0.5
1748785345.9243886,-4.79,-5.06,[[-1.]],-0.5
1748785346.0341246,-5.45,-5.72,[[-1.]],-0.5
1748785346.1407301,-5.95,-6.22,[[-1.]],-0.5
1748785346.2485971,-5.8,-6.07,[[-1.]],-0.5
1748785346.3560846,-4.83,-5.1,[[-1.]],-0.5
1748785346.4628897,-4.1,-4.37,[[-1.]],-0.5
1748785346.569589,-3.56,-3.83,[[-1.]],-0.5
1748785346.6770463,-3.35,-3.62,[[-1.]],-0.5
1748785346.7840652,-3.33,-3.6,[[-1.]],-0.5
1748785346.8894491,-3.39,-3.66,[[-1.]],-0.5
1748785346.9958646,-3.42,-3.69,[[-1.]],-0.5
1748785347.102478,-3.34,-3.61,[[-1.]],-0.5
1748785347.2090485,-3.07,-3.35,[[-1.]],-0.5
1748785347.3170302,-2.8,-3.08,[[-1.]],-0.5
1748785347.4238229,-2.67,-2.94,[[-1.]],-0.5
1748785347.531443,-2.51,-2.78,[[-1.]],-0.5
1748785347.6381762,-2.18,-2.45,[[-1.]],-0.5
1748785347.7460384,-1.92,-2.19,[[-1.]],-0.5
1748785347.8525577,-1.2,-1.48,[[-1.]],-0.5
1748785347.9604437,-0.79,-1.06,[[-1.]],-0.5
1748785348.0670776,-0.72,-0.99,[[-1.]],-0.5
1748785348.1749744,-0.99,-1.26,[[-1.]],-0.5
1748785348.2815306,-1.18,-1.45,[[-1.]],-0.5
1748785348.3882163,-1.35,-1.62,[[-1.]],-0.5
1748785348.4960873,-1.15,-1.42,[[-1.]],-0.5
1748785348.602735,-0.97,-1.24,[[-1.]],-0.5
1748785348.7105772,-0.73,-1.01,[[-1.]],-0.5
1748785348.8171914,-0.8,-1.07,[[-1.]],-0.5
1748785348.9238372,-0.64,-0.91,[[-1.]],-0.5
1748785349.031637,-0.57,-0.84,[[-1.]],-0.5
1748785349.1383352,-0.48,-0.76,[[-1.]],-0.5
1748785349.246264,-0.34,-0.62,[[-1.]],-0.5
1748785349.35414,-0.28,-0.55,[[-1.]],-0.5
1748785349.460748,-0.14,-0.41,[[-1.]],-0.5
1748785349.5685134,-0.17,-0.44,[[-1.]],-0.5
1748785349.6750402,0.13,-0.14,[[-0.92691123]],-0.5
1748785349.7816548,0.33,0.0,[[-0.21665598]],-0.21665598452091217
1748785349.8895752,0.74,0.47,[[1.]],0.5
1748785349.996227,1.05,0.78,[[1.]],0.5
1748785350.1040416,1.2,0.93,[[1.]],0.5
1748785350.2106426,1.11,0.84,[[1.]],0.5
1748785350.3172748,0.7,0.43,[[1.]],0.5
1748785350.4252455,0.37,0.1,[[0.3024264]],0.30242639780044556
1748785350.5343726,-0.02,-0.3,[[-1.]],-0.5
1748785350.6430674,-0.43,-0.71,[[-1.]],-0.5
1748785350.749724,-0.82,-1.09,[[-1.]],-0.5
1748785350.857633,-1.04,-1.31,[[-1.]],-0.5
1748785350.9642258,-1.06,-1.34,[[-1.]],-0.5
1748785351.0707633,-1.05,-1.32,[[-1.]],-0.5
1748785351.178697,-1.07,-1.34,[[-1.]],-0.5
1748785351.2853026,-1.44,-1.72,[[-1.]],-0.5
1748785351.3932667,-2.11,-2.38,[[-1.]],-0.5
1748785351.4999156,-3.06,-3.33,[[-1.]],-0.5
1748785351.606448,-4.16,-4.44,[[-1.]],-0.5
1748785351.7142382,-5.43,-5.7,[[-1.]],-0.5
1748785351.8209004,-6.41,-6.68,[[-1.]],-0.5
1748785351.9288626,-7.1,-7.37,[[-1.]],-0.5
1748785352.0354438,-7.32,-7.59,[[-1.]],-0.5
1748785352.1432116,-7.1,-7.37,[[-1.]],-0.5
1748785352.2498791,-6.74,-7.01,[[-1.]],-0.5
1748785352.3577788,-6.38,-6.65,[[-1.]],-0.5
1748785352.46459,-5.88,-6.15,[[-1.]],-0.5
1748785352.5723765,-5.4,-5.67,[[-1.]],-0.5
1748785352.6787846,-4.9,-5.18,[[-1.]],-0.5
1748785352.7868583,-4.54,-4.82,[[-1.]],-0.5
1748785352.893417,-4.39,-4.66,[[-1.]],-0.5
1748785353.001447,-4.61,-4.89,[[-1.]],-0.5
1748785353.1079104,-4.71,-4.98,[[-1.]],-0.5
1748785353.215903,-4.66,-4.93,[[-1.]],-0.5
1748785353.3224294,-4.54,-4.81,[[-1.]],-0.5
1748785353.4302745,-4.31,-4.58,[[-1.]],-0.5
1748785353.536899,-3.89,-4.16,[[-1.]],-0.5
1748785353.6449752,-3.57,-3.84,[[-1.]],-0.5
1748785353.7514732,-2.66,-2.93,[[-1.]],-0.5
1748785353.8580072,-2.42,-2.7,[[-1.]],-0.5
1748785353.965987,-2.39,-2.66,[[-1.]],-0.5
1748785354.0725822,-1.85,-2.12,[[-1.]],-0.5
1748785354.1804118,-1.55,-1.82,[[-1.]],-0.5
1748785354.2870882,-1.55,-1.83,[[-1.]],-0.5
1748785354.3949065,-1.51,-1.78,[[-1.]],-0.5
1748785354.5015228,-1.64,-1.91,[[-1.]],-0.5
1748785354.608146,-1.36,-1.63,[[-1.]],-0.5
1748785354.7161338,-1.28,-1.55,[[-1.]],-0.5
1748785354.8226507,-1.38,-1.65,[[-1.]],-0.5
1748785354.9305625,-1.57,-1.84,[[-1.]],-0.5
1748785355.0371895,-1.96,-2.23,[[-1.]],-0.5
1748785355.1439064,-2.56,-2.83,[[-1.]],-0.5
1748785355.2517335,-3.72,-3.99,[[-1.]],-0.5
1748785355.358965,-5.4,-5.67,[[-1.]],-0.5
1748785355.4661446,-6.73,-7.0,[[-1.]],-0.5
1748785355.5728528,-6.79,-7.06,[[-1.]],-0.5
1748785355.680601,-5.71,-5.99,[[-1.]],-0.5
1748785355.7871807,-4.5,-4.77,[[-1.]],-0.5
1748785355.895059,-3.21,-3.48,[[-1.]],-0.5
1748785356.0017025,-2.2,-2.47,[[-1.]],-0.5
1748785356.1084387,-1.56,-1.83,[[-1.]],-0.5
1748785356.216308,-1.06,-1.33,[[-1.]],-0.5
1748785356.3228953,-0.62,-0.89,[[-1.]],-0.5
1748785356.430747,-0.07,-0.34,[[-1.]],-0.5
1748785356.5359511,0.63,0.36,[[1.]],0.5
1748785356.6439874,1.47,1.2,[[1.]],0.5
1748785356.7504191,2.33,2.06,[[1.]],0.5
1748785356.857155,3.18,2.91,[[1.]],0.5
1748785356.964509,4.11,3.84,[[1.]],0.5
1748785357.0711062,5.25,4.98,[[1.]],0.5
1748785357.179077,5.05,4.78,[[1.]],0.5
1748785357.2843742,5.24,4.97,[[1.]],0.5
1748785357.3930519,4.38,4.11,[[1.]],0.5
1748785357.500079,2.98,2.7,[[1.]],0.5
1748785357.6054592,1.27,1.0,[[1.]],0.5
1748785357.7155528,-0.8,-1.07,[[-1.]],-0.5
1748785357.8213613,-2.1,-2.37,[[-1.]],-0.5
1748785357.9254737,-1.61,-1.88,[[-1.]],-0.5
1748785358.0334387,0.12,-0.15,[[-0.9753338]],-0.5
1748785358.1396189,2.15,1.88,[[1.]],0.5
1748785358.2462256,4.42,4.14,[[1.]],0.5
1748785358.3541586,5.2,4.93,[[1.]],0.5
1748785358.460709,5.59,5.32,[[1.]],0.5
1748785358.5672338,5.35,5.08,[[1.]],0.5
1748785358.6752253,5.16,4.89,[[1.]],0.5
1748785358.7818942,5.22,4.94,[[1.]],0.5
1748785358.889753,5.1,4.83,[[1.]],0.5
1748785358.996326,4.62,4.35,[[1.]],0.5
1748785359.1029227,4.25,3.97,[[1.]],0.5
1748785359.2107928,2.31,2.03,[[1.]],0.5
1748785359.3174,2.46,2.19,[[1.]],0.5
1748785359.4240844,2.57,2.3,[[1.]],0.5
1748785359.531907,2.72,2.45,[[1.]],0.5
1748785359.638659,3.54,3.26,[[1.]],0.5
1748785359.746392,4.4,4.13,[[1.]],0.5
1748785359.852977,4.97,4.7,[[1.]],0.5
1748785359.959593,5.34,5.07,[[1.]],0.5
1748785360.0674622,5.04,4.77,[[1.]],0.5
1748785360.1743062,4.74,4.47,[[1.]],0.5
1748785360.2820919,4.01,3.74,[[1.]],0.5
1748785360.3886251,3.47,3.2,[[1.]],0.5
1748785360.4952984,3.22,2.95,[[1.]],0.5
1748785360.6031842,2.32,2.05,[[1.]],0.5
1748785360.709824,1.83,1.56,[[1.]],0.5
1748785360.816393,1.47,1.19,[[1.]],0.5
1748785360.9241939,1.2,0.93,[[1.]],0.5
1748785361.0308776,0.9,0.63,[[1.]],0.5
1748785361.1374989,0.42,0.15,[[0.5560105]],0.5
1748785361.245415,-0.46,-0.73,[[-1.]],-0.5
1748785361.3520536,-1.24,-1.51,[[-1.]],-0.5
1748785361.4599805,-2.03,-2.3,[[-1.]],-0.5
1748785361.5666223,-2.62,-2.89,[[-1.]],-0.5
1748785361.6745286,-3.24,-3.51,[[-1.]],-0.5
1748785361.7810833,-4.0,-4.27,[[-1.]],-0.5
1748785361.8876317,-4.92,-5.19,[[-1.]],-0.5
1748785361.9980733,-5.62,-5.89,[[-1.]],-0.5
1748785362.1066856,-6.01,-6.28,[[-1.]],-0.5
1748785362.2134995,-5.93,-6.2,[[-1.]],-0.5
1748785362.3214135,-5.63,-5.9,[[-1.]],-0.5
1748785362.428059,-5.33,-5.61,[[-1.]],-0.5
1748785362.5359156,-4.67,-4.94,[[-1.]],-0.5
1748785362.6417246,-3.66,-3.93,[[-1.]],-0.5
1748785362.7493215,-2.24,-2.51,[[-1.]],-0.5
1748785362.8572206,-0.44,-0.71,[[-1.]],-0.5
1748785362.9639618,0.85,0.58,[[1.]],0.5
1748785363.0714886,1.77,1.5,[[1.]],0.5
1748785363.1780787,1.97,1.7,[[1.]],0.5
1748785363.2849255,1.33,1.06,[[1.]],0.5
1748785363.3927712,0.12,-0.15,[[-0.9753338]],-0.5
1748785363.499394,-1.24,-1.51,[[-1.]],-0.5
1748785363.6072822,-2.27,-2.55,[[-1.]],-0.5
1748785363.7139072,-2.66,-2.93,[[-1.]],-0.5
1748785363.821887,-2.93,-3.2,[[-1.]],-0.5
1748785363.9285471,-3.02,-3.3,[[-1.]],-0.5
1748785364.0348334,-2.71,-2.98,[[-1.]],-0.5
1748785364.1428246,-1.84,-2.11,[[-1.]],-0.5
1748785364.2495198,-1.09,-1.36,[[-1.]],-0.5
1748785364.3573647,-0.34,-0.61,[[-1.]],-0.5
1748785364.46397,-0.44,-0.72,[[-1.]],-0.5
1748785364.570506,0.52,0.25,[[1.]],0.5
1748785364.6784637,0.54,0.27,[[1.]],0.5
1748785364.78504,1.05,0.78,[[1.]],0.5
1748785364.892812,1.43,1.16,[[1.]],0.5
1748785364.999359,1.05,0.78,[[1.]],0.5
1748785365.1074014,0.78,0.51,[[1.]],0.5
1748785365.2138453,0.58,0.31,[[1.]],0.5
1748785365.320487,0.4,0.13,[[0.4553826]],0.4553825855255127
1748785365.427118,0.26,0.0,[[-0.21665598]],-0.21665598452091217
1748785365.5350754,0.16,-0.12,[[-0.82887375]],-0.5
1748785365.6421463,0.08,-0.19,[[-1.]],-0.5
1748785365.749666,-0.12,-0.39,[[-1.]],-0.5
1748785365.8563466,-0.45,-0.72,[[-1.]],-0.5
1748785365.9642587,-0.82,-1.09,[[-1.]],-0.5
1748785366.070884,-1.25,-1.52,[[-1.]],-0.5
1748785366.1774302,-1.89,-2.16,[[-1.]],-0.5
1748785366.2852986,-2.94,-3.21,[[-1.]],-0.5
1748785366.3921323,-3.98,-4.25,[[-1.]],-0.5
1748785366.4997342,-4.66,-4.93,[[-1.]],-0.5
1748785366.606439,-4.57,-4.84,[[-1.]],-0.5
1748785366.714283,-4.08,-4.36,[[-1.]],-0.5
1748785366.820907,-3.66,-3.93,[[-1.]],-0.5
1748785366.9289598,-3.14,-3.41,[[-1.]],-0.5
1748785367.0353174,-2.49,-2.76,[[-1.]],-0.5
1748785367.1432962,-1.63,-1.9,[[-1.]],-0.5
1748785367.2497938,-0.62,-0.89,[[-1.]],-0.5
1748785367.356292,0.26,0.0,[[-0.21665598]],-0.21665598452091217
1748785367.4630013,1.11,0.84,[[1.]],0.5
1748785367.5710928,1.88,1.61,[[1.]],0.5
1748785367.6775124,2.77,2.5,[[1.]],0.5
1748785367.7842026,3.72,3.45,[[1.]],0.5
1748785367.8921537,4.54,4.27,[[1.]],0.5
1748785367.998524,5.39,5.12,[[1.]],0.5
1748785368.1050956,5.32,5.05,[[1.]],0.5
1748785368.2131402,5.17,4.9,[[1.]],0.5
1748785368.3197355,5.04,4.77,[[1.]],0.5
1748785368.4277864,5.06,4.79,[[1.]],0.5
1748785368.533741,5.42,5.15,[[1.]],0.5
1748785368.6402798,6.04,5.77,[[1.]],0.5
1748785368.74821,6.07,5.8,[[1.]],0.5
1748785368.8546863,5.76,5.49,[[1.]],0.5
1748785368.9625394,4.81,4.53,[[1.]],0.5
1748785369.0665886,4.25,3.98,[[1.]],0.5
1748785369.1744235,3.5,3.23,[[1.]],0.5
1748785369.2814171,3.11,2.84,[[1.]],0.5
1748785369.3905025,3.21,2.94,[[1.]],0.5
1748785369.4955232,3.42,3.15,[[1.]],0.5
1748785369.6059098,2.57,2.29,[[1.]],0.5
1748785369.7115052,1.72,1.45,[[1.]],0.5
1748785369.8180287,1.22,0.95,[[1.]],0.5
1748785369.9258778,0.9,0.63,[[1.]],0.5
1748785370.0333405,0.5,0.23,[[0.94400936]],0.5
1748785370.1376932,0.35,0.0,[[-0.21665598]],-0.21665598452091217
1748785370.2443962,0.52,0.25,[[1.]],0.5
1748785370.3509688,0.37,0.1,[[0.3024264]],0.30242639780044556
1748785370.4589448,0.95,0.68,[[1.]],0.5
1748785370.5654273,0.3,0.0,[[-0.21665598]],-0.21665598452091217
1748785370.6721582,1.38,1.1,[[1.]],0.5
1748785370.7799878,1.96,1.68,[[1.]],0.5
1748785370.8866367,2.37,2.1,[[1.]],0.5
1748785370.9933252,2.73,2.45,[[1.]],0.5
1748785371.1010952,3.18,2.91,[[1.]],0.5
1748785371.2077818,2.84,2.57,[[1.]],0.5
1748785371.315558,2.02,1.74,[[1.]],0.5
1748785371.422511,0.78,0.51,[[1.]],0.5
1748785371.530224,-0.7,-0.97,[[-1.]],-0.5
1748785371.636804,-2.6,-2.87,[[-1.]],-0.5
1748785371.7433918,-4.36,-4.63,[[-1.]],-0.5
1748785371.8513098,-5.92,-6.19,[[-1.]],-0.5
1748785371.9580042,-6.99,-7.26,[[-1.]],-0.5
1748785372.0657973,-6.8,-7.07,[[-1.]],-0.5
1748785372.1724117,-5.61,-5.88,[[-1.]],-0.5
1748785372.2803884,-4.2,-4.47,[[-1.]],-0.5
1748785372.3869925,-2.43,-2.7,[[-1.]],-0.5
1748785372.4935062,-0.21,-0.48,[[-1.]],-0.5
1748785372.6001153,1.59,1.32,[[1.]],0.5
1748785372.7079546,2.86,2.59,[[1.]],0.5
1748785372.8145978,3.28,3.0,[[1.]],0.5
1748785372.9225018,2.83,2.56,[[1.]],0.5
1748785373.0290482,1.72,1.45,[[1.]],0.5
1748785373.1355913,0.32,0.0,[[-0.21665598]],-0.21665598452091217
1748785373.2436469,-1.26,-1.53,[[-1.]],-0.5
1748785373.350447,-2.77,-3.04,[[-1.]],-0.5
1748785373.458242,-2.64,-2.91,[[-1.]],-0.5
1748785373.5673215,-1.53,-1.8,[[-1.]],-0.5
1748785373.6760466,-0.27,-0.54,[[-1.]],-0.5
1748785373.7823741,1.35,1.08,[[1.]],0.5
1748785373.8891,2.48,2.2,[[1.]],0.5
1748785373.9956238,2.98,2.71,[[1.]],0.5
1748785374.1035774,2.77,2.5,[[1.]],0.5
1748785374.2101943,2.38,2.1,[[1.]],0.5
1748785374.3180866,1.64,1.37,[[1.]],0.5
1748785374.4250646,0.89,0.62,[[1.]],0.5
1748785374.531054,0.33,0.0,[[-0.21665598]],-0.21665598452091217
1748785374.6392949,0.14,-0.13,[[-0.87808454]],-0.5
1748785374.744433,0.31,0.0,[[-0.21665598]],-0.21665598452091217
1748785374.8524106,0.66,0.39,[[1.]],0.5
1748785374.9589622,1.24,0.97,[[1.]],0.5
1748785375.0669298,1.68,1.41,[[1.]],0.5
1748785375.173599,1.48,1.21,[[1.]],0.5
1748785375.2814405,0.96,0.69,[[1.]],0.5
1748785375.3881695,0.43,0.16,[[0.60585225]],0.5
1748785375.496235,-0.09,-0.36,[[-1.]],-0.5
1748785375.6025677,-0.75,-1.02,[[-1.]],-0.5
1748785375.709322,-0.66,-0.94,[[-1.]],-0.5
1748785375.8172045,-1.03,-1.31,[[-1.]],-0.5
1748785375.92391,-1.3,-1.57,[[-1.]],-0.5
1748785376.0315852,-1.46,-1.73,[[-1.]],-0.5
1748785376.1382792,-1.7,-1.97,[[-1.]],-0.5
1748785376.244967,-2.09,-2.36,[[-1.]],-0.5
1748785376.3529232,-2.75,-3.02,[[-1.]],-0.5
1748785376.4597948,-3.77,-4.04,[[-1.]],-0.5
1748785376.566013,-4.99,-5.26,[[-1.]],-0.5
1748785376.674072,-5.95,-6.22,[[-1.]],-0.5
1748785376.7804961,-6.28,-6.55,[[-1.]],-0.5
1748785376.888545,-5.72,-5.99,[[-1.]],-0.5
1748785376.9950492,-4.74,-5.01,[[-1.]],-0.5
1748785377.102894,-3.82,-4.09,[[-1.]],-0.5
1748785377.209649,-2.33,-2.6,[[-1.]],-0.5
1748785377.3161843,-0.67,-0.94,[[-1.]],-0.5
1748785377.4245038,0.55,0.28,[[1.]],0.5
1748785377.5307066,1.39,1.12,[[1.]],0.5
1748785377.6373165,1.63,1.36,[[1.]],0.5
1748785377.745229,1.6,1.33,[[1.]],0.5
1748785377.8519993,1.56,1.29,[[1.]],0.5
1748785377.9584167,1.67,1.4,[[1.]],0.5
1748785378.0663006,2.05,1.78,[[1.]],0.5
1748785378.1729536,2.69,2.42,[[1.]],0.5
1748785378.2797856,3.56,3.28,[[1.]],0.5
1748785378.3875728,4.5,4.23,[[1.]],0.5
1748785378.494105,5.66,5.38,[[1.]],0.5
1748785378.6007972,6.64,6.36,[[1.]],0.5
1748785378.7087348,7.33,7.06,[[1.]],0.5
1748785378.815407,6.68,6.4,[[1.]],0.5
1748785378.9219606,5.8,5.52,[[1.]],0.5
1748785379.0298383,4.45,4.18,[[1.]],0.5
1748785379.136539,2.83,2.56,[[1.]],0.5
1748785379.24446,0.95,0.67,[[1.]],0.5
1748785379.3510501,-1.14,-1.41,[[-1.]],-0.5
1748785379.4590127,-2.09,-2.36,[[-1.]],-0.5
1748785379.5656183,-2.63,-2.9,[[-1.]],-0.5
1748785379.6734455,-2.57,-2.84,[[-1.]],-0.5
1748785379.7802036,-2.21,-2.48,[[-1.]],-0.5
1748785379.8881004,-1.65,-1.92,[[-1.]],-0.5
1748785379.9938588,-0.96,-1.23,[[-1.]],-0.5
1748785380.1016862,-0.52,-0.79,[[-1.]],-0.5
1748785380.208298,-0.62,-0.89,[[-1.]],-0.5
1748785380.3125234,-1.3,-1.57,[[-1.]],-0.5
1748785380.4204423,-1.91,-2.19,[[-1.]],-0.5
1748785380.5269659,-3.09,-3.36,[[-1.]],-0.5
1748785380.636481,-4.2,-4.47,[[-1.]],-0.5
1748785380.7502484,-5.36,-5.63,[[-1.]],-0.5
1748785380.8507981,-6.27,-6.54,[[-1.]],-0.5
1748785380.9602337,-6.25,-6.52,[[-1.]],-0.5
1748785381.0682635,-5.4,-5.67,[[-1.]],-0.5
1748785381.1740842,-4.46,-4.74,[[-1.]],-0.5
1748785381.2798731,-3.4,-3.67,[[-1.]],-0.5
1748785381.3854926,-1.95,-2.22,[[-1.]],-0.5
1748785381.491474,0.0,-0.27,[[-1.]],-0.5
1748785381.598145,1.36,1.09,[[1.]],0.5
1748785381.7047105,2.09,1.82,[[1.]],0.5
1748785381.8126233,2.13,1.86,[[1.]],0.5
1748785381.9191997,1.54,1.27,[[1.]],0.5
1748785382.0258505,1.14,0.87,[[1.]],0.5
1748785382.1337729,0.82,0.55,[[1.]],0.5
1748785382.2403505,0.6,0.33,[[1.]],0.5
1748785382.3481581,0.46,0.19,[[0.7532319]],0.5
1748785382.454771,0.43,0.15,[[0.5560105]],0.5
1748785382.562779,0.49,0.22,[[0.89698213]],0.5
1748785382.6693568,0.69,0.42,[[1.]],0.5
1748785382.7771947,1.01,0.74,[[1.]],0.5
1748785382.8839028,1.12,0.84,[[1.]],0.5
1748785382.9916532,0.92,0.64,[[1.]],0.5
1748785383.0983708,0.46,0.18,[[0.7044834]],0.5
1748785383.204879,0.24,0.0,[[-0.21665598]],-0.21665598452091217
1748785383.3115067,0.17,-0.1,[[-0.7293835]],-0.5
1748785383.4182997,0.26,0.0,[[-0.21665598]],-0.21665598452091217
1748785383.5247602,0.38,0.1,[[0.3024264]],0.30242639780044556
1748785383.6327677,0.43,0.16,[[0.60585225]],0.5
1748785383.7391858,0.39,0.12,[[0.404642]],0.4046419858932495
1748785383.8458889,0.36,0.0,[[-0.21665598]],-0.21665598452091217
1748785383.953815,0.39,0.11,[[0.35364848]],0.35364848375320435
1748785384.0604136,0.44,0.17,[[0.65535015]],0.5
1748785384.1683166,0.44,0.17,[[0.65535015]],0.5
1748785384.2748525,0.33,0.0,[[-0.21665598]],-0.21665598452091217
1748785384.3827956,0.13,-0.14,[[-0.92691123]],-0.5
1748785384.4894495,-0.05,-0.32,[[-1.]],-0.5
1748785384.5973523,-0.15,-0.42,[[-1.]],-0.5
1748785384.7040496,-0.17,-0.44,[[-1.]],-0.5
1748785384.811854,-0.11,-0.38,[[-1.]],-0.5
1748785384.9184675,0.03,-0.24,[[-1.]],-0.5
1748785385.0261908,0.27,0.0,[[-0.21665598]],-0.21665598452091217
1748785385.1361146,0.67,0.4,[[1.]],0.5
1748785385.2428024,1.26,0.99,[[1.]],0.5
1748785385.3507974,1.67,1.4,[[1.]],0.5
1748785385.457358,2.26,1.99,[[1.]],0.5
1748785385.5641758,3.02,2.75,[[1.]],0.5
1748785385.6721997,3.67,3.39,[[1.]],0.5
1748785385.7785494,4.18,3.91,[[1.]],0.5
1748785385.8853974,4.56,4.29,[[1.]],0.5
1748785385.9936388,4.57,4.3,[[1.]],0.5
1748785386.099793,4.71,4.44,[[1.]],0.5
1748785386.2061532,5.32,5.05,[[1.]],0.5
1748785386.3140998,5.34,5.06,[[1.]],0.5
1748785386.421103,4.27,4.0,[[1.]],0.5
1748785386.528698,2.43,2.16,[[1.]],0.5
1748785386.6353667,0.46,0.19,[[0.7532319]],0.5
1748785386.7432642,-0.84,-1.11,[[-1.]],-0.5
1748785386.8499541,-1.91,-2.18,[[-1.]],-0.5
1748785386.9577725,-1.87,-2.15,[[-1.]],-0.5
1748785387.0645845,-0.96,-1.23,[[-1.]],-0.5
1748785387.1709433,-0.13,-0.4,[[-1.]],-0.5
1748785387.2775683,0.97,0.7,[[1.]],0.5
1748785387.385421,2.76,2.49,[[1.]],0.5
1748785387.4920986,4.34,4.06,[[1.]],0.5
1748785387.5987728,4.96,4.69,[[1.]],0.5
1748785387.7066717,4.35,4.08,[[1.]],0.5
1748785387.813292,2.81,2.54,[[1.]],0.5
1748785387.9200184,0.54,0.27,[[1.]],0.5
1748785388.0280771,-1.24,-1.51,[[-1.]],-0.5
1748785388.13584,-2.85,-3.13,[[-1.]],-0.5
1748785388.2423341,-4.13,-4.4,[[-1.]],-0.5
1748785388.34906,-5.27,-5.54,[[-1.]],-0.5
1748785388.4569643,-5.97,-6.24,[[-1.]],-0.5
1748785388.563497,-6.16,-6.43,[[-1.]],-0.5
1748785388.6713283,-5.52,-5.79,[[-1.]],-0.5
1748785388.7778928,-4.6,-4.87,[[-1.]],-0.5
1748785388.886028,-3.39,-3.67,[[-1.]],-0.5
1748785388.9925296,-2.0,-2.27,[[-1.]],-0.5
1748785389.0989003,-0.27,-0.55,[[-1.]],-0.5
1748785389.2068748,1.21,0.94,[[1.]],0.5
1748785389.3134167,2.34,2.07,[[1.]],0.5
1748785389.4201415,3.45,3.18,[[1.]],0.5
1748785389.5279393,3.69,3.42,[[1.]],0.5
1748785389.6345444,3.02,2.74,[[1.]],0.5
1748785389.7411673,0.95,0.67,[[1.]],0.5
1748785389.8492513,-1.49,-1.76,[[-1.]],-0.5
1748785389.9559782,-3.85,-4.12,[[-1.]],-0.5
1748785390.0637217,-5.92,-6.19,[[-1.]],-0.5
1748785390.1701875,-7.42,-7.69,[[-1.]],-0.5
1748785390.278173,-7.94,-8.21,[[-1.]],-0.5
1748785390.3848505,-6.98,-7.25,[[-1.]],-0.5
1748785390.4927387,-4.97,-5.25,[[-1.]],-0.5
1748785390.59945,-3.08,-3.35,[[-1.]],-0.5
1748785390.707181,-1.61,-1.89,[[-1.]],-0.5
1748785390.8138003,-0.59,-0.86,[[-1.]],-0.5
1748785390.921765,-0.24,-0.51,[[-1.]],-0.5
1748785391.0283287,-0.02,-0.29,[[-1.]],-0.5
1748785391.1346781,0.19,0.0,[[-0.21665598]],-0.21665598452091217
1748785391.2413478,0.42,0.14,[[0.5058465]],0.5
1748785391.3479974,0.71,0.44,[[1.]],0.5
1748785391.461647,1.19,0.92,[[1.]],0.5
1748785391.5619042,1.67,1.4,[[1.]],0.5
1748785391.6695654,2.05,1.78,[[1.]],0.5
1748785391.77652,2.4,2.13,[[1.]],0.5
1748785391.8829556,2.66,2.39,[[1.]],0.5
1748785391.989925,3.2,2.93,[[1.]],0.5
1748785392.0984719,3.93,3.66,[[1.]],0.5
1748785392.2041922,4.84,4.57,[[1.]],0.5
1748785392.3107326,5.56,5.29,[[1.]],0.5
1748785392.418663,5.44,5.17,[[1.]],0.5
1748785392.5243866,4.64,4.37,[[1.]],0.5
1748785392.6334589,3.74,3.47,[[1.]],0.5
1748785392.7374778,2.6,2.33,[[1.]],0.5
1748785392.8438683,1.35,1.08,[[1.]],0.5
1748785392.951505,0.22,0.0,[[-0.21665598]],-0.21665598452091217
1748785393.0585134,-0.89,-1.17,[[-1.]],-0.5
1748785393.1662855,-1.74,-2.01,[[-1.]],-0.5
1748785393.2728772,-2.48,-2.75,[[-1.]],-0.5
1748785393.3807943,-3.25,-3.52,[[-1.]],-0.5
1748785393.4873796,-3.99,-4.26,[[-1.]],-0.5
1748785393.5952528,-4.74,-5.01,[[-1.]],-0.5
1748785393.7019596,-5.39,-5.66,[[-1.]],-0.5
1748785393.8097246,-5.49,-5.76,[[-1.]],-0.5
1748785393.9164443,-4.85,-5.13,[[-1.]],-0.5
1748785394.0242512,-4.24,-4.51,[[-1.]],-0.5
1748785394.130874,-3.78,-4.05,[[-1.]],-0.5
1748785394.2387776,-3.24,-3.52,[[-1.]],-0.5
1748785394.3454216,-2.82,-3.09,[[-1.]],-0.5
1748785394.4520078,-2.64,-2.92,[[-1.]],-0.5
1748785394.5597878,-2.44,-2.71,[[-1.]],-0.5
1748785394.666499,-2.24,-2.52,[[-1.]],-0.5
1748785394.7744648,-2.25,-2.52,[[-1.]],-0.5
1748785394.8809867,-2.28,-2.55,[[-1.]],-0.5
1748785394.9888408,-2.44,-2.71,[[-1.]],-0.5
1748785395.0956073,-2.84,-3.11,[[-1.]],-0.5
1748785395.2021942,-3.52,-3.8,[[-1.]],-0.5
1748785395.3100293,-3.88,-4.15,[[-1.]],-0.5
1748785395.4168043,-3.9,-4.17,[[-1.]],-0.5
1748785395.5244982,-3.28,-3.55,[[-1.]],-0.5
1748785395.631046,-1.82,-2.1,[[-1.]],-0.5
1748785395.7377253,-0.46,-0.73,[[-1.]],-0.5
1748785395.8454483,0.93,0.66,[[1.]],0.5
1748785395.952154,1.92,1.64,[[1.]],0.5
1748785396.060029,2.83,2.56,[[1.]],0.5
1748785396.1666107,3.48,3.21,[[1.]],0.5
1748785396.2732613,3.62,3.35,[[1.]],0.5
1748785396.381191,3.88,3.61,[[1.]],0.5
1748785396.4877753,3.53,3.26,[[1.]],0.5
1748785396.5969324,2.83,2.56,[[1.]],0.5
1748785396.705454,1.83,1.56,[[1.]],0.5
1748785396.8122034,0.37,0.09,[[0.25100082]],0.2510008215904236
1748785396.9189074,-1.1,-1.37,[[-1.]],-0.5
1748785397.0268104,-2.31,-2.58,[[-1.]],-0.5
1748785397.1333976,-2.47,-2.74,[[-1.]],-0.5
1748785397.2415018,-1.25,-1.52,[[-1.]],-0.5
1748785397.3479784,0.08,-0.19,[[-1.]],-0.5
1748785397.4544675,1.68,1.41,[[1.]],0.5
1748785397.5622127,3.05,2.78,[[1.]],0.5
1748785397.668888,3.82,3.55,[[1.]],0.5
1748785397.7768013,4.42,4.15,[[1.]],0.5
1748785397.883425,4.82,4.55,[[1.]],0.5
1748785397.989953,3.98,3.71,[[1.]],0.5
1748785398.097863,2.71,2.44,[[1.]],0.5
1748785398.2045062,0.95,0.67,[[1.]],0.5
1748785398.312605,-0.4,-0.67,[[-1.]],-0.5
1748785398.418964,0.38,0.11,[[0.35364848]],0.35364848375320435
1748785398.5254433,0.24,0.0,[[-0.21665598]],-0.21665598452091217
1748785398.6340475,0.87,0.6,[[1.]],0.5
1748785398.7402837,1.33,1.06,[[1.]],0.5
1748785398.848114,2.89,2.61,[[1.]],0.5
1748785398.9545805,3.9,3.63,[[1.]],0.5
1748785399.0612338,5.17,4.9,[[1.]],0.5
1748785399.1694937,6.62,6.35,[[1.]],0.5
1748785399.2758222,7.09,6.81,[[1.]],0.5
1748785399.382344,6.33,6.06,[[1.]],0.5
1748785399.490165,5.1,4.83,[[1.]],0.5
1748785399.5968995,3.49,3.22,[[1.]],0.5
1748785399.7034311,1.82,1.55,[[1.]],0.5
1748785399.811324,0.47,0.2,[[0.8015765]],0.5
1748785399.9178813,-0.88,-1.15,[[-1.]],-0.5
1748785400.0258896,-1.6,-1.88,[[-1.]],-0.5
1748785400.1338477,-2.13,-2.4,[[-1.]],-0.5
1748785400.2405717,-2.48,-2.75,[[-1.]],-0.5
1748785400.3469665,-2.97,-3.25,[[-1.]],-0.5
1748785400.4549298,-3.73,-4.0,[[-1.]],-0.5
1748785400.5616744,-4.67,-4.94,[[-1.]],-0.5
1748785400.669439,-5.42,-5.69,[[-1.]],-0.5
1748785400.7760863,-6.48,-6.76,[[-1.]],-0.5
1748785400.8827484,-7.41,-7.68,[[-1.]],-0.5
1748785400.9905465,-7.21,-7.48,[[-1.]],-0.5
1748785401.0971715,-6.09,-6.36,[[-1.]],-0.5
1748785401.2051358,-4.55,-4.82,[[-1.]],-0.5
1748785401.3117723,-2.85,-3.13,[[-1.]],-0.5
1748785401.4195802,-1.13,-1.4,[[-1.]],-0.5
1748785401.5260499,-0.16,-0.43,[[-1.]],-0.5
1748785401.6339023,-0.05,-0.32,[[-1.]],-0.5
1748785401.740662,-0.26,-0.53,[[-1.]],-0.5
1748785401.8485858,-0.57,-0.85,[[-1.]],-0.5
1748785401.9551287,-0.93,-1.2,[[-1.]],-0.5
1748785402.0629485,-1.33,-1.6,[[-1.]],-0.5
1748785402.169788,-1.79,-2.06,[[-1.]],-0.5
1748785402.276559,-2.55,-2.82,[[-1.]],-0.5
1748785402.3842547,-3.65,-3.92,[[-1.]],-0.5
1748785402.4908156,-4.55,-4.83,[[-1.]],-0.5
1748785402.5986557,-4.73,-5.0,[[-1.]],-0.5
1748785402.7053463,-4.05,-4.32,[[-1.]],-0.5
1748785402.8132699,-3.49,-3.76,[[-1.]],-0.5
1748785402.9198983,-2.77,-3.04,[[-1.]],-0.5
1748785403.026154,-1.67,-1.94,[[-1.]],-0.5
1748785403.1361272,-0.8,-1.07,[[-1.]],-0.5
1748785403.2412288,0.02,-0.25,[[-1.]],-0.5
1748785403.3469596,0.74,0.47,[[1.]],0.5
1748785403.4557958,1.5,1.23,[[1.]],0.5
1748785403.5614445,1.96,1.69,[[1.]],0.5
1748785403.6701705,2.22,1.95,[[1.]],0.5
1748785403.774547,2.28,2.01,[[1.]],0.5
1748785403.8834484,2.35,2.08,[[1.]],0.5
1748785403.9864793,2.36,2.09,[[1.]],0.5
1748785404.0980062,2.36,2.09,[[1.]],0.5
1748785404.2035825,2.48,2.21,[[1.]],0.5
1748785404.3075132,2.73,2.46,[[1.]],0.5
1748785404.415349,3.05,2.78,[[1.]],0.5
1748785404.5220582,3.5,3.23,[[1.]],0.5
1748785404.6286683,4.15,3.88,[[1.]],0.5
1748785404.736549,4.89,4.61,[[1.]],0.5
1748785404.8431861,5.35,5.08,[[1.]],0.5
1748785404.949765,5.48,5.21,[[1.]],0.5
1748785405.057683,5.27,5.0,[[1.]],0.5
1748785405.1642976,4.99,4.72,[[1.]],0.5
1748785405.2722952,4.65,4.38,[[1.]],0.5
1748785405.3787253,4.11,3.84,[[1.]],0.5
1748785405.4866722,3.92,3.65,[[1.]],0.5
1748785405.5932436,3.78,3.51,[[1.]],0.5
1748785405.699886,4.07,3.8,[[1.]],0.5
1748785405.8077667,5.06,4.79,[[1.]],0.5
1748785405.9144115,5.44,5.17,[[1.]],0.5
1748785406.0210097,4.26,3.99,[[1.]],0.5
1748785406.128857,3.28,3.01,[[1.]],0.5
1748785406.2354498,1.77,1.5,[[1.]],0.5
1748785406.342213,0.51,0.24,[[0.99056494]],0.5
1748785406.4502656,-0.41,-0.69,[[-1.]],-0.5
1748785406.5567749,-1.0,-1.27,[[-1.]],-0.5
1748785406.6645565,-1.35,-1.62,[[-1.]],-0.5
1748785406.7712245,-1.49,-1.76,[[-1.]],-0.5
1748785406.8790767,-1.54,-1.81,[[-1.]],-0.5
1748785406.9858875,-1.7,-1.98,[[-1.]],-0.5
1748785407.0935733,-2.02,-2.29,[[-1.]],-0.5
1748785407.2002132,-2.44,-2.71,[[-1.]],-0.5
1748785407.3080323,-3.0,-3.27,[[-1.]],-0.5
1748785407.4147174,-3.77,-4.04,[[-1.]],-0.5
1748785407.521371,-4.62,-4.9,[[-1.]],-0.5
1748785407.629228,-5.47,-5.75,[[-1.]],-0.5
1748785407.7357788,-5.98,-6.26,[[-1.]],-0.5
1748785407.8436346,-6.03,-6.3,[[-1.]],-0.5
1748785407.95026,-5.48,-5.75,[[-1.]],-0.5
1748785408.058194,-4.77,-5.04,[[-1.]],-0.5
1748785408.1647525,-3.86,-4.13,[[-1.]],-0.5
1748785408.2769692,-2.88,-3.15,[[-1.]],-0.5
1748785408.3826585,-1.61,-1.88,[[-1.]],-0.5
1748785408.4891977,-0.35,-0.62,[[-1.]],-0.5
1748785408.5970023,0.47,0.2,[[0.8015765]],0.5
1748785408.7035763,1.16,0.89,[[1.]],0.5
1748785408.8100595,1.39,1.11,[[1.]],0.5
1748785408.9182446,1.02,0.74,[[1.]],0.5
1748785409.0247731,0.44,0.17,[[0.65535015]],0.5
1748785409.1327178,-0.3,-0.57,[[-1.]],-0.5
1748785409.2393692,-1.16,-1.43,[[-1.]],-0.5
1748785409.3472514,-2.23,-2.5,[[-1.]],-0.5
1748785409.453896,-3.49,-3.76,[[-1.]],-0.5
1748785409.5617385,-4.65,-4.93,[[-1.]],-0.5
1748785409.6685145,-5.31,-5.58,[[-1.]],-0.5
1748785409.776262,-5.22,-5.49,[[-1.]],-0.5
1748785409.882763,-4.53,-4.81,[[-1.]],-0.5
1748785409.9908292,-3.89,-4.17,[[-1.]],-0.5
1748785410.0975027,-3.1,-3.37,[[-1.]],-0.5
1748785410.2038722,-2.11,-2.38,[[-1.]],-0.5
1748785410.3119714,-0.78,-1.05,[[-1.]],-0.5
1748785410.4182615,0.15,-0.13,[[-0.87808454]],-0.5
1748785410.5249302,1.23,0.96,[[1.]],0.5
1748785410.6316006,1.79,1.52,[[1.]],0.5
1748785410.739525,2.15,1.87,[[1.]],0.5
1748785410.8461652,2.29,2.02,[[1.]],0.5
1748785410.952802,2.51,2.24,[[1.]],0.5
1748785411.0607488,2.55,2.28,[[1.]],0.5
1748785411.1673403,2.79,2.52,[[1.]],0.5
1748785411.2752206,3.24,2.97,[[1.]],0.5
1748785411.381891,4.12,3.85,[[1.]],0.5
1748785411.4885833,5.17,4.89,[[1.]],0.5
1748785411.5963306,6.02,5.75,[[1.]],0.5
1748785411.702779,6.08,5.81,[[1.]],0.5
1748785411.810917,5.46,5.19,[[1.]],0.5
1748785411.917498,4.26,3.99,[[1.]],0.5
1748785412.0240712,2.95,2.68,[[1.]],0.5
1748785412.131978,1.25,0.98,[[1.]],0.5
1748785412.2386463,-0.01,-0.28,[[-1.]],-0.5
1748785412.3465521,-0.88,-1.16,[[-1.]],-0.5
1748785412.4532487,-1.47,-1.74,[[-1.]],-0.5
1748785412.5610461,-2.07,-2.34,[[-1.]],-0.5
1748785412.6676114,-2.63,-2.9,[[-1.]],-0.5
1748785412.7743547,-3.25,-3.53,[[-1.]],-0.5
1748785412.8821304,-3.99,-4.26,[[-1.]],-0.5
1748785412.988809,-4.81,-5.08,[[-1.]],-0.5
1748785413.0966604,-5.35,-5.62,[[-1.]],-0.5
1748785413.2031853,-4.92,-5.2,[[-1.]],-0.5
1748785413.311151,-4.04,-4.31,[[-1.]],-0.5
1748785413.4178448,-3.03,-3.3,[[-1.]],-0.5
1748785413.5259113,-1.51,-1.78,[[-1.]],-0.5
1748785413.6325371,-0.02,-0.29,[[-1.]],-0.5
1748785413.738885,1.12,0.85,[[1.]],0.5
1748785413.8467824,1.96,1.69,[[1.]],0.5
1748785413.953477,2.14,1.87,[[1.]],0.5
1748785414.060156,1.97,1.69,[[1.]],0.5
1748785414.1680474,1.7,1.43,[[1.]],0.5
1748785414.274557,1.55,1.28,[[1.]],0.5
1748785414.3811371,1.57,1.3,[[1.]],0.5
1748785414.4899497,1.75,1.48,[[1.]],0.5
1748785414.592476,2.0,1.73,[[1.]],0.5
1748785414.701831,2.29,2.02,[[1.]],0.5
1748785414.8084104,2.71,2.44,[[1.]],0.5
1748785414.9171774,3.41,3.13,[[1.]],0.5
1748785415.0238824,4.39,4.11,[[1.]],0.5
1748785415.1283896,5.52,5.25,[[1.]],0.5
1748785415.2383475,6.65,6.38,[[1.]],0.5
1748785415.3448918,7.22,6.95,[[1.]],0.5
1748785415.4484496,7.09,6.82,[[1.]],0.5
1748785415.5558167,6.25,5.98,[[1.]],0.5
1748785415.6624987,5.17,4.9,[[1.]],0.5
1748785415.774127,4.36,4.09,[[1.]],0.5
1748785415.879494,3.65,3.38,[[1.]],0.5
1748785415.9871438,3.29,3.01,[[1.]],0.5
1748785416.0941372,3.56,3.29,[[1.]],0.5
1748785416.2008886,3.68,3.41,[[1.]],0.5
1748785416.3059103,3.7,3.43,[[1.]],0.5
1748785416.412472,3.24,2.96,[[1.]],0.5
1748785416.5192199,2.98,2.7,[[1.]],0.5
1748785416.6269643,3.0,2.72,[[1.]],0.5
1748785416.7336752,3.15,2.88,[[1.]],0.5
1748785416.8414872,2.9,2.63,[[1.]],0.5
1748785416.9481325,1.88,1.61,[[1.]],0.5
1748785417.0547044,0.51,0.24,[[0.99056494]],0.5
1748785417.1627064,0.01,-0.26,[[-1.]],-0.5
1748785417.269547,-0.54,-0.81,[[-1.]],-0.5
1748785417.377217,-1.2,-1.48,[[-1.]],-0.5
1748785417.4838722,-1.99,-2.26,[[-1.]],-0.5
1748785417.5905073,-3.17,-3.44,[[-1.]],-0.5
1748785417.6982994,-4.42,-4.7,[[-1.]],-0.5
1748785417.8049443,-5.06,-5.33,[[-1.]],-0.5
1748785417.9127707,-4.74,-5.02,[[-1.]],-0.5
1748785418.0197961,-4.16,-4.43,[[-1.]],-0.5
1748785418.1272411,-3.44,-3.72,[[-1.]],-0.5
1748785418.2340024,-2.44,-2.71,[[-1.]],-0.5
1748785418.3418453,-1.44,-1.72,[[-1.]],-0.5
1748785418.4484081,-0.61,-0.89,[[-1.]],-0.5
1748785418.5562599,-0.13,-0.41,[[-1.]],-0.5
1748785418.6628966,0.59,0.32,[[1.]],0.5
1748785418.7706928,0.37,0.1,[[0.3024264]],0.30242639780044556
1748785418.8773797,0.56,0.29,[[1.]],0.5
1748785418.9839146,0.99,0.71,[[1.]],0.5
1748785419.0918436,1.34,1.06,[[1.]],0.5
1748785419.1984327,1.55,1.28,[[1.]],0.5
1748785419.3050385,1.8,1.52,[[1.]],0.5
1748785419.4117446,2.23,1.95,[[1.]],0.5
1748785419.519594,2.83,2.56,[[1.]],0.5
1748785419.6286469,3.46,3.19,[[1.]],0.5
1748785419.737338,4.14,3.87,[[1.]],0.5
1748785419.844029,4.71,4.44,[[1.]],0.5
1748785419.9518955,4.9,4.63,[[1.]],0.5
1748785420.0583353,4.15,3.88,[[1.]],0.5
1748785420.1651983,3.18,2.9,[[1.]],0.5
1748785420.2717588,1.73,1.45,[[1.]],0.5
1748785420.3797727,-0.23,-0.51,[[-1.]],-0.5
1748785420.4864922,-2.26,-2.53,[[-1.]],-0.5
1748785420.594354,-3.85,-4.13,[[-1.]],-0.5
1748785420.7007787,-4.99,-5.26,[[-1.]],-0.5
1748785420.8087656,-5.62,-5.89,[[-1.]],-0.5
1748785420.9153395,-5.34,-5.61,[[-1.]],-0.5
1748785421.023061,-4.73,-5.0,[[-1.]],-0.5
1748785421.129885,-4.43,-4.7,[[-1.]],-0.5
1748785421.237724,-4.19,-4.46,[[-1.]],-0.5
1748785421.344469,-4.28,-4.55,[[-1.]],-0.5
1748785421.4524443,-4.5,-4.77,[[-1.]],-0.5
1748785421.5588284,-4.54,-4.82,[[-1.]],-0.5
1748785421.6666434,-3.24,-3.51,[[-1.]],-0.5
1748785421.7733932,-1.97,-2.24,[[-1.]],-0.5
1748785421.8811488,-1.13,-1.4,[[-1.]],-0.5
1748785421.987883,-0.48,-0.75,[[-1.]],-0.5
1748785422.0943708,0.37,0.1,[[0.3024264]],0.30242639780044556
1748785422.2021744,1.37,1.1,[[1.]],0.5
1748785422.3088408,2.33,2.06,[[1.]],0.5
1748785422.4154615,2.91,2.63,[[1.]],0.5
1748785422.523302,3.14,2.87,[[1.]],0.5
1748785422.6298034,2.97,2.7,[[1.]],0.5
1748785422.7365,2.63,2.36,[[1.]],0.5
1748785422.844428,2.23,1.96,[[1.]],0.5
1748785422.950969,1.81,1.54,[[1.]],0.5
1748785423.0575929,1.42,1.15,[[1.]],0.5
1748785423.1655774,1.04,0.77,[[1.]],0.5
1748785423.2725437,1.34,1.07,[[1.]],0.5
1748785423.380073,0.85,0.58,[[1.]],0.5
1748785423.4866614,-0.0,-0.28,[[-1.]],-0.5
1748785423.594774,-0.24,-0.51,[[-1.]],-0.5
1748785423.7012594,-0.28,-0.55,[[-1.]],-0.5
1748785423.8091297,-0.13,-0.4,[[-1.]],-0.5
1748785423.9156084,0.06,-0.21,[[-1.]],-0.5
1748785424.0233703,0.15,-0.12,[[-0.82887375]],-0.5
1748785424.1286867,0.29,0.0,[[-0.21665598]],-0.21665598452091217
1748785424.2353213,0.34,0.0,[[-0.21665598]],-0.21665598452091217
1748785424.3434498,0.12,-0.15,[[-0.9753338]],-0.5
1748785424.4500546,0.38,0.11,[[0.35364848]],0.35364848375320435
1748785424.5565782,0.76,0.49,[[1.]],0.5
1748785424.663161,1.41,1.14,[[1.]],0.5
1748785424.7710848,1.76,1.49,[[1.]],0.5
1748785424.8777418,1.88,1.61,[[1.]],0.5
1748785424.984358,1.98,1.71,[[1.]],0.5
1748785425.0921795,1.71,1.44,[[1.]],0.5
1748785425.198912,1.35,1.08,[[1.]],0.5
1748785425.3066802,2.12,1.85,[[1.]],0.5
1748785425.4133952,2.38,2.11,[[1.]],0.5
1748785425.5200677,2.9,2.63,[[1.]],0.5
1748785425.6280153,3.23,2.96,[[1.]],0.5
1748785425.7343435,3.56,3.28,[[1.]],0.5
1748785425.8423676,3.73,3.46,[[1.]],0.5
1748785425.948874,2.77,2.5,[[1.]],0.5
1748785426.059389,2.6,2.32,[[1.]],0.5
1748785426.1637251,2.85,2.58,[[1.]],0.5
1748785426.2667844,3.55,3.28,[[1.]],0.5
1748785426.3734133,4.29,4.02,[[1.]],0.5
1748785426.4813986,4.96,4.69,[[1.]],0.5
1748785426.588126,5.72,5.45,[[1.]],0.5
1748785426.6957119,6.12,5.85,[[1.]],0.5
1748785426.8024712,6.51,6.24,[[1.]],0.5
1748785426.913916,6.83,6.56,[[1.]],0.5
1748785427.0195336,7.13,6.86,[[1.]],0.5
1748785427.1270409,7.39,7.11,[[1.]],0.5
1748785427.2340958,7.65,7.38,[[1.]],0.5
1748785427.3413186,7.88,7.6,[[1.]],0.5
1748785427.4458623,8.18,7.91,[[1.]],0.5
1748785427.552441,8.35,8.08,[[1.]],0.5
1748785427.6603773,8.51,8.24,[[1.]],0.5
1748785427.7669506,8.68,8.41,[[1.]],0.5
1748785427.8748646,8.85,8.58,[[1.]],0.5
1748785427.9814827,9.0,8.73,[[1.]],0.5
